timestamp,bid_open,bid_low,bid_high,bid_close,ask_open,ask_low,ask_high,ask_close,price_open,price_low,price_high,price_close,price_mean,volume,open_interest
2024-10-04 13:00:00,49,49,49,49,100,50,100,50,49.0,49.0,51.0,50.0,50.0,1715,1659
2024-10-04 14:00:00,49,49,49,49,50,50,50,50,49.0,49.0,50.0,49.0,49.0,26846,28460
2024-10-04 15:00:00,49,49,49,49,50,50,50,50,50.0,49.0,50.0,50.0,49.0,74978,103126
2024-10-04 16:00:00,49,49,49,49,50,50,50,50,50.0,49.0,50.0,49.0,49.0,21705,105010
2024-10-04 17:00:00,49,49,49,49,50,50,50,50,49.0,49.0,50.0,50.0,49.0,39835,125811
2024-10-04 18:00:00,49,49,49,49,50,50,50,50,50.0,49.0,50.0,49.0,49.0,3390,127830
2024-10-04 19:00:00,49,49,49,49,50,50,50,50,50.0,49.0,50.0,50.0,49.0,3382,130330
2024-10-04 20:00:00,49,49,49,49,50,50,50,50,50.0,49.0,50.0,50.0,49.0,3804,133885
2024-10-04 21:00:00,49,49,49,49,50,50,50,50,50.0,49.0,50.0,50.0,49.0,21784,136615
2024-10-04 22:00:00,49,49,49,49,50,50,50,50,49.0,49.0,50.0,50.0,49.0,1718,137647
2024-10-04 23:00:00,49,49,49,49,50,50,50,50,50.0,49.0,50.0,50.0,50.0,2047,139692
2024-10-05 00:00:00,49,49,49,49,50,50,50,50,50.0,49.0,50.0,50.0,49.0,40182,140755
2024-10-05 01:00:00,49,49,49,49,50,50,50,50,50.0,50.0,50.0,50.0,50.0,173,140928
2024-10-05 02:00:00,49,49,49,49,50,50,50,50,49.0,49.0,50.0,49.0,49.0,1911,141513
2024-10-05 03:00:00,49,49,49,49,50,50,50,50,50.0,49.0,50.0,49.0,49.0,10096,151316
2024-10-05 04:00:00,49,49,49,49,50,50,50,50,50.0,49.0,50.0,50.0,49.0,3718,151640
2024-10-05 13:00:00,49,49,49,49,50,50,50,50,49.0,49.0,50.0,50.0,49.0,930,152470
2024-10-05 14:00:00,49,49,49,49,50,50,50,50,49.0,49.0,50.0,50.0,49.0,2020,154427
2024-10-05 15:00:00,49,49,49,49,50,50,50,50,50.0,49.0,50.0,50.0,49.0,4365,155633
2024-10-05 16:00:00,49,49,49,49,50,50,50,50,50.0,49.0,50.0,50.0,50.0,2308,157938
2024-10-05 17:00:00,49,49,49,49,50,50,50,50,49.0,49.0,50.0,50.0,49.0,1506,159153
2024-10-05 18:00:00,49,49,49,49,50,50,50,50,50.0,49.0,50.0,50.0,49.0,1786,160882
2024-10-05 19:00:00,49,49,49,49,50,50,50,50,50.0,49.0,50.0,50.0,49.0,216,161050
2024-10-05 20:00:00,49,49,49,49,50,50,50,50,50.0,50.0,50.0,50.0,50.0,742,161792
2024-10-05 21:00:00,49,49,49,49,50,50,50,50,50.0,50.0,50.0,50.0,50.0,260,161876
2024-10-05 22:00:00,49,49,49,49,50,50,50,50,50.0,50.0,50.0,50.0,50.0,1888,163625
2024-10-05 23:00:00,49,49,49,49,50,50,50,50,49.0,49.0,50.0,50.0,49.0,275,163704
2024-10-06 00:00:00,49,49,49,49,50,50,50,50,50.0,50.0,50.0,50.0,50.0,2394,166088
2024-10-06 01:00:00,49,49,49,49,50,50,50,50,50.0,49.0,50.0,50.0,49.0,565,166633
2024-10-06 02:00:00,49,49,49,49,50,50,50,50,50.0,49.0,50.0,50.0,49.0,701,167088
2024-10-06 13:00:00,49,49,49,49,50,50,50,50,49.0,49.0,49.0,49.0,49.0,1,167089
2024-10-06 14:00:00,49,49,49,49,50,50,50,50,50.0,49.0,50.0,50.0,49.0,244,167228
2024-10-06 15:00:00,49,49,49,49,50,50,50,50,50.0,50.0,50.0,50.0,50.0,302,167530
2024-10-06 16:00:00,49,49,49,49,50,50,50,50,50.0,50.0,50.0,50.0,50.0,311,167841
2024-10-06 17:00:00,49,49,49,49,50,50,50,50,50.0,50.0,50.0,50.0,50.0,550,168391
2024-10-06 18:00:00,49,49,49,49,50,50,50,50,50.0,50.0,50.0,50.0,50.0,259,168650
2024-10-06 19:00:00,49,49,49,49,50,50,50,50,50.0,50.0,50.0,50.0,50.0,491,169141
2024-10-06 20:00:00,49,49,49,49,50,50,50,50,50.0,50.0,50.0,50.0,50.0,232,169373
2024-10-06 21:00:00,49,49,49,49,50,50,50,50,50.0,49.0,50.0,49.0,49.0,15551,169759
2024-10-06 22:00:00,49,49,49,49,50,50,50,50,50.0,49.0,50.0,49.0,49.0,136,169894
2024-10-06 23:00:00,49,49,49,49,50,50,50,50,49.0,49.0,50.0,50.0,49.0,983,170251
2024-10-07 00:00:00,49,49,49,49,50,50,50,50,50.0,50.0,50.0,50.0,50.0,276,170527
2024-10-07 01:00:00,49,49,49,49,50,50,50,50,50.0,50.0,50.0,50.0,50.0,449,170976
2024-10-07 02:00:00,49,49,49,49,50,50,50,50,49.0,49.0,50.0,50.0,49.0,10815,170487
2024-10-07 03:00:00,49,49,49,49,50,50,50,50,49.0,49.0,50.0,50.0,49.0,673,170930
2024-10-07 04:00:00,49,49,49,49,50,50,50,50,50.0,50.0,50.0,50.0,50.0,820,171750
2024-10-07 13:00:00,49,49,49,49,50,50,50,50,50.0,50.0,50.0,50.0,50.0,3882,175632
2024-10-07 14:00:00,49,49,49,49,50,50,50,50,50.0,49.0,50.0,50.0,49.0,7672,175713
2024-10-07 15:00:00,49,49,49,49,50,50,50,50,50.0,49.0,50.0,50.0,49.0,29431,157936
2024-10-07 16:00:00,49,49,49,49,50,50,50,50,50.0,49.0,50.0,50.0,49.0,32628,175488
2024-10-07 17:00:00,49,49,49,49,50,50,50,50,50.0,49.0,50.0,50.0,49.0,7536,177214
2024-10-07 18:00:00,49,49,49,49,50,50,50,50,50.0,49.0,50.0,49.0,49.0,15159,179968
2024-10-07 19:00:00,49,49,49,49,50,50,50,50,50.0,49.0,50.0,49.0,49.0,135237,310164
2024-10-07 20:00:00,49,49,49,49,50,50,50,50,50.0,50.0,50.0,50.0,50.0,7865,310264
2024-10-07 21:00:00,49,49,49,49,50,50,50,50,49.0,49.0,50.0,50.0,49.0,7092,310981
2024-10-07 22:00:00,49,49,49,49,50,50,50,50,50.0,49.0,50.0,50.0,49.0,25227,311225
2024-10-07 23:00:00,49,49,50,50,50,50,51,51,50.0,50.0,51.0,51.0,50.0,30420,315274
2024-10-08 00:00:00,50,50,50,50,51,51,51,51,51.0,50.0,51.0,50.0,50.0,20974,317274
2024-10-08 01:00:00,50,50,50,50,51,51,51,51,51.0,50.0,51.0,51.0,50.0,15023,317774
2024-10-08 02:00:00,50,50,50,50,51,51,51,51,51.0,50.0,51.0,51.0,50.0,4258,318880
2024-10-08 03:00:00,50,50,50,50,51,51,51,51,51.0,50.0,51.0,51.0,50.0,8604,319730
2024-10-08 04:00:00,50,50,50,50,51,51,51,51,51.0,50.0,51.0,50.0,50.0,2959,320170
2024-10-08 13:00:00,50,49,50,49,51,50,51,50,51.0,49.0,51.0,50.0,49.0,38143,343325
2024-10-08 14:00:00,49,49,49,49,50,50,50,50,50.0,50.0,50.0,50.0,50.0,5830,343325
2024-10-08 15:00:00,49,49,49,49,50,50,50,50,50.0,49.0,50.0,50.0,50.0,5124,343332
2024-10-08 16:00:00,49,49,49,49,50,50,50,50,50.0,49.0,50.0,50.0,49.0,8152,343532
2024-10-08 17:00:00,49,49,49,49,50,50,50,50,50.0,49.0,50.0,50.0,49.0,13355,343568
2024-10-08 18:00:00,49,49,49,49,50,50,50,50,50.0,49.0,50.0,49.0,50.0,6458,343573
2024-10-08 19:00:00,49,49,49,49,50,50,50,50,50.0,49.0,50.0,50.0,49.0,59561,394923
2024-10-08 20:00:00,49,49,49,49,50,50,50,50,50.0,49.0,50.0,50.0,50.0,23841,394924
2024-10-08 21:00:00,49,49,49,49,50,50,50,50,50.0,49.0,50.0,50.0,49.0,15516,397080
2024-10-08 22:00:00,49,49,49,49,50,50,50,50,50.0,50.0,50.0,50.0,50.0,1279,397080
2024-10-08 23:00:00,49,49,50,50,50,50,51,51,50.0,50.0,51.0,51.0,50.0,112132,462485
2024-10-09 00:00:00,50,50,50,50,51,51,51,51,51.0,50.0,51.0,51.0,50.0,6327,462005
2024-10-09 01:00:00,50,50,50,50,51,51,51,51,51.0,50.0,51.0,51.0,50.0,6827,457005
2024-10-09 02:00:00,50,50,50,50,51,51,51,51,51.0,50.0,51.0,51.0,50.0,3143,457004
2024-10-09 03:00:00,50,50,50,50,51,51,51,51,51.0,50.0,51.0,51.0,50.0,14526,457004
2024-10-09 04:00:00,50,50,50,50,51,51,51,51,51.0,50.0,51.0,51.0,50.0,4266,456769
2024-10-09 13:00:00,50,49,50,49,51,50,51,50,50.0,49.0,50.0,50.0,49.0,138819,558136
2024-10-09 14:00:00,49,49,49,49,50,50,50,50,50.0,50.0,50.0,50.0,50.0,24392,582528
2024-10-09 15:00:00,49,49,49,49,50,50,50,50,50.0,49.0,50.0,50.0,49.0,7141,589669
2024-10-09 16:00:00,49,49,49,49,50,50,50,50,50.0,49.0,50.0,50.0,49.0,11984,600917
2024-10-09 17:00:00,49,49,49,49,50,50,50,50,50.0,49.0,50.0,50.0,49.0,18999,617221
2024-10-09 18:00:00,49,49,49,49,50,50,50,50,50.0,49.0,50.0,50.0,50.0,25014,642195
2024-10-09 19:00:00,49,49,49,49,50,50,50,50,50.0,49.0,50.0,50.0,49.0,45143,648004
2024-10-09 20:00:00,49,49,50,50,50,50,51,51,50.0,50.0,51.0,51.0,50.0,102323,729699
2024-10-09 21:00:00,50,50,50,50,51,51,51,51,51.0,50.0,51.0,51.0,50.0,206705,889754
2024-10-09 22:00:00,50,50,50,50,51,51,51,51,50.0,50.0,51.0,51.0,50.0,6408,889973
2024-10-09 23:00:00,50,50,50,50,51,51,51,51,51.0,50.0,51.0,51.0,51.0,5958,889973
2024-10-10 00:00:00,50,50,50,50,51,51,51,51,51.0,50.0,51.0,51.0,50.0,4967,890373
2024-10-10 01:00:00,50,50,50,50,51,51,51,51,51.0,50.0,51.0,51.0,51.0,5002,890373
2024-10-10 02:00:00,50,50,50,50,51,51,51,51,51.0,50.0,51.0,51.0,50.0,109284,890323
2024-10-10 03:00:00,50,50,50,50,51,51,51,51,51.0,51.0,51.0,51.0,51.0,22628,890323
2024-10-10 04:00:00,50,49,50,49,51,50,51,50,51.0,50.0,51.0,50.0,50.0,160829,989648
2024-10-10 13:00:00,49,49,51,51,50,50,52,52,50.0,50.0,52.0,52.0,51.0,66962,996523
2024-10-10 14:00:00,51,51,51,51,52,52,52,52,52.0,51.0,52.0,52.0,51.0,10106,1005232
2024-10-10 15:00:00,51,51,51,51,52,52,52,52,51.0,51.0,52.0,52.0,51.0,9931,1012535
2024-10-10 16:00:00,51,50,51,50,52,51,52,51,52.0,50.0,52.0,51.0,50.0,82520,1028748
2024-10-10 17:00:00,50,50,52,52,51,51,53,53,51.0,50.0,53.0,53.0,50.0,522472,1268166
2024-10-10 18:00:00,52,52,52,52,53,53,53,53,53.0,52.0,53.0,53.0,52.0,21788,1267194
2024-10-10 19:00:00,52,52,52,52,53,53,53,53,52.0,52.0,53.0,53.0,52.0,75789,1342146
2024-10-10 20:00:00,52,52,52,52,53,53,53,53,53.0,52.0,53.0,52.0,52.0,36024,1347437
2024-10-10 21:00:00,52,52,52,52,53,53,53,53,53.0,52.0,53.0,53.0,52.0,20677,1347437
2024-10-10 22:00:00,52,52,52,52,53,53,53,53,53.0,52.0,53.0,53.0,52.0,71575,1347437
2024-10-10 23:00:00,52,52,52,52,53,53,53,53,53.0,52.0,53.0,53.0,52.0,8507,1355288
2024-10-11 00:00:00,52,52,52,52,53,53,53,53,52.0,52.0,53.0,53.0,52.0,12009,1359281
2024-10-11 01:00:00,52,52,52,52,53,53,53,53,53.0,52.0,53.0,53.0,52.0,7485,1364766
2024-10-11 02:00:00,52,52,52,52,53,53,53,53,53.0,52.0,53.0,53.0,52.0,3745,1367963
2024-10-11 13:00:00,52,52,52,52,53,53,53,53,53.0,52.0,53.0,53.0,52.0,24195,1376787
2024-10-11 14:00:00,52,52,52,52,53,53,53,53,53.0,52.0,53.0,53.0,52.0,53829,1352565
2024-10-11 15:00:00,52,52,52,52,53,53,53,53,53.0,52.0,53.0,53.0,52.0,234898,1353570
2024-10-11 16:00:00,52,52,52,52,53,53,53,53,53.0,52.0,53.0,53.0,52.0,40469,1353943
2024-10-11 17:00:00,52,52,52,52,53,53,53,53,53.0,52.0,53.0,53.0,53.0,125782,1420239
2024-10-11 18:00:00,52,52,52,52,53,53,53,53,53.0,52.0,53.0,53.0,52.0,14733,1434972
2024-10-11 19:00:00,52,51,52,51,53,52,53,52,53.0,52.0,53.0,52.0,52.0,158796,1571592
2024-10-11 20:00:00,51,51,52,52,52,52,53,53,52.0,52.0,53.0,53.0,52.0,143434,1714926
2024-10-11 21:00:00,52,52,52,52,53,53,53,53,53.0,52.0,53.0,53.0,52.0,113632,1828517
2024-10-11 22:00:00,52,52,52,52,53,53,53,53,53.0,52.0,53.0,53.0,52.0,22336,1847762
2024-10-11 23:00:00,52,52,52,52,53,53,53,53,53.0,53.0,53.0,53.0,53.0,3476,1851238
2024-10-12 00:00:00,52,52,52,52,53,53,53,53,53.0,52.0,53.0,53.0,52.0,4764,1856002
2024-10-12 01:00:00,52,52,52,52,53,53,53,53,52.0,52.0,53.0,53.0,52.0,3541,1859524
2024-10-12 02:00:00,52,52,52,52,53,53,53,53,53.0,52.0,53.0,53.0,52.0,13244,1862768
2024-10-12 03:00:00,52,52,52,52,53,53,53,53,53.0,52.0,53.0,52.0,52.0,6175,1868943
2024-10-12 04:00:00,52,52,52,52,53,53,53,53,53.0,53.0,53.0,53.0,53.0,21854,1890797
2024-10-12 13:00:00,52,52,52,52,53,53,53,53,53.0,53.0,53.0,53.0,53.0,1570,1892367
2024-10-12 14:00:00,52,52,52,52,53,53,53,53,53.0,52.0,53.0,53.0,52.0,10339,1902606
2024-10-12 15:00:00,52,52,52,52,53,53,53,53,53.0,52.0,53.0,53.0,52.0,3551,1905949
2024-10-12 16:00:00,52,52,52,52,53,53,53,53,53.0,53.0,53.0,53.0,53.0,9143,1915092
2024-10-12 17:00:00,52,52,52,52,53,53,53,53,53.0,52.0,53.0,53.0,52.0,6747,1921666
2024-10-12 18:00:00,52,52,52,52,53,53,53,53,53.0,52.0,53.0,53.0,52.0,10434,1931784
2024-10-12 19:00:00,52,52,53,53,53,53,54,54,52.0,52.0,54.0,54.0,53.0,78204,1948875
2024-10-12 20:00:00,53,53,53,53,54,54,54,54,54.0,53.0,54.0,54.0,53.0,2679,1951454
2024-10-12 21:00:00,53,53,53,53,54,54,54,54,54.0,53.0,54.0,54.0,53.0,3828,1955049
2024-10-12 22:00:00,53,53,53,53,54,54,54,54,54.0,53.0,54.0,54.0,53.0,3979,1958903
2024-10-12 23:00:00,53,53,53,53,54,54,54,54,54.0,53.0,54.0,54.0,53.0,6461,1963237
2024-10-13 00:00:00,53,53,53,53,54,54,54,54,54.0,53.0,54.0,54.0,53.0,1527,1964710
2024-10-13 01:00:00,53,53,53,53,54,54,54,54,54.0,54.0,54.0,54.0,54.0,8246,1972956
2024-10-13 02:00:00,53,53,53,53,54,54,54,54,54.0,53.0,54.0,54.0,53.0,1372,1974256
2024-10-13 13:00:00,53,53,53,53,54,54,54,54,54.0,53.0,54.0,54.0,53.0,1636,1975576
2024-10-13 14:00:00,53,53,53,53,54,54,54,54,54.0,53.0,54.0,54.0,53.0,6260,1978561
2024-10-13 15:00:00,53,53,53,53,54,54,54,54,54.0,54.0,54.0,54.0,54.0,2650,1980961
2024-10-13 16:00:00,53,53,53,53,54,54,54,54,54.0,53.0,54.0,54.0,53.0,7338,1987459
2024-10-13 17:00:00,53,53,53,53,54,54,54,54,54.0,53.0,54.0,54.0,53.0,21669,1992355
2024-10-13 18:00:00,53,53,53,53,54,54,54,54,54.0,54.0,54.0,54.0,54.0,4582,1996937
2024-10-13 19:00:00,53,53,53,53,54,54,54,54,54.0,53.0,54.0,54.0,53.0,22970,1982575
2024-10-13 20:00:00,53,53,53,53,54,54,54,54,54.0,54.0,54.0,54.0,54.0,3506,1986081
2024-10-13 21:00:00,53,53,53,53,54,54,54,54,54.0,54.0,54.0,54.0,54.0,4222,1990303
2024-10-13 22:00:00,53,53,53,53,54,54,54,54,54.0,54.0,54.0,54.0,54.0,3536,1993839
2024-10-13 23:00:00,53,53,53,53,54,54,54,54,54.0,53.0,54.0,54.0,54.0,2012,1995849
2024-10-14 00:00:00,53,53,53,53,54,54,54,54,54.0,53.0,54.0,54.0,53.0,2587,1998224
2024-10-14 01:00:00,53,53,53,53,54,54,54,54,54.0,53.0,54.0,54.0,53.0,2611,2000331
2024-10-14 02:00:00,53,53,53,53,54,54,54,54,54.0,53.0,54.0,54.0,53.0,2085,2002216
2024-10-14 03:00:00,53,53,53,53,54,54,54,54,54.0,53.0,54.0,54.0,53.0,1280,2002230
2024-10-14 04:00:00,53,53,53,53,54,54,54,54,54.0,53.0,54.0,54.0,53.0,4458,2005384
2024-10-14 13:00:00,53,53,53,53,54,54,54,54,54.0,53.0,54.0,54.0,53.0,3947,2008887
2024-10-14 14:00:00,53,53,53,53,54,54,54,54,54.0,53.0,54.0,54.0,53.0,8736,2017513
2024-10-14 15:00:00,53,53,53,53,54,54,54,54,54.0,53.0,54.0,54.0,53.0,4185,2020682
2024-10-14 16:00:00,53,53,53,53,54,54,54,54,54.0,53.0,54.0,53.0,53.0,5704,2025931
2024-10-14 17:00:00,53,53,53,53,54,54,54,54,54.0,53.0,54.0,54.0,53.0,4933,2030437
2024-10-14 18:00:00,53,53,53,53,54,54,54,54,54.0,54.0,54.0,54.0,54.0,4301,2034738
2024-10-14 19:00:00,53,53,53,53,54,54,54,54,54.0,53.0,54.0,53.0,53.0,133382,2150841
2024-10-14 20:00:00,53,53,54,54,54,54,55,55,54.0,53.0,55.0,54.0,54.0,44448,2194612
2024-10-14 21:00:00,54,54,54,54,55,55,55,55,55.0,54.0,55.0,55.0,54.0,30466,2219626
2024-10-14 22:00:00,54,54,54,54,55,55,55,55,55.0,54.0,55.0,55.0,54.0,5056,2223995
2024-10-14 23:00:00,54,54,54,54,55,55,55,55,55.0,54.0,55.0,55.0,54.0,14199,2237339
2024-10-15 00:00:00,54,54,54,54,55,55,55,55,54.0,54.0,55.0,55.0,54.0,4767,2240781
2024-10-15 01:00:00,54,54,54,54,55,55,55,55,55.0,54.0,55.0,55.0,54.0,2690,2243015
2024-10-15 02:00:00,54,54,54,54,55,55,55,55,55.0,54.0,55.0,55.0,54.0,3746,2246135
2024-10-15 03:00:00,54,54,54,54,55,55,55,55,55.0,54.0,55.0,55.0,54.0,2311,2248120
2024-10-15 04:00:00,54,54,54,54,55,55,55,55,55.0,54.0,55.0,55.0,54.0,4529,2250559
2024-10-15 05:00:00,54,54,54,54,55,55,55,55,55.0,54.0,55.0,55.0,55.0,16921,2267478
2024-10-15 06:00:00,54,54,55,54,55,55,56,55,55.0,54.0,56.0,55.0,55.0,92759,2296628
2024-10-15 07:00:00,54,54,54,54,55,55,55,55,55.0,54.0,55.0,55.0,54.0,5474,2301045
2024-10-15 12:00:00,54,54,54,54,55,55,56,56,,,,,,0,2301045
2024-10-15 13:00:00,54,54,55,55,56,56,56,56,56.0,55.0,56.0,56.0,55.0,55380,2354634
2024-10-15 14:00:00,55,55,55,55,56,56,56,56,56.0,55.0,56.0,56.0,55.0,66310,2419838
2024-10-15 15:00:00,55,55,55,55,56,56,56,56,55.0,55.0,56.0,56.0,55.0,51470,2466029
2024-10-15 16:00:00,55,54,55,54,56,55,56,55,56.0,54.0,56.0,55.0,55.0,559724,2547742
2024-10-15 17:00:00,54,54,54,54,55,55,55,55,55.0,54.0,55.0,54.0,54.0,103396,2648722
2024-10-15 18:00:00,54,54,55,55,55,55,56,56,55.0,54.0,56.0,56.0,54.0,89571,2696436
2024-10-15 19:00:00,55,55,56,56,56,56,57,57,56.0,55.0,57.0,57.0,56.0,282011,2736137
2024-10-15 20:00:00,56,55,56,55,57,56,57,56,57.0,55.0,57.0,56.0,56.0,249337,2759973
2024-10-15 21:00:00,55,54,55,54,56,55,56,55,55.0,54.0,56.0,55.0,55.0,1104296,3352486
2024-10-15 22:00:00,54,54,55,55,55,55,56,56,55.0,55.0,56.0,55.0,55.0,600674,3380918
2024-10-15 23:00:00,55,55,56,55,56,56,57,56,56.0,55.0,56.0,56.0,56.0,268254,3611090
2024-10-16 00:00:00,55,55,55,55,56,56,56,56,56.0,55.0,56.0,55.0,55.0,36441,3646454
2024-10-16 01:00:00,55,55,55,55,56,56,56,56,56.0,55.0,56.0,56.0,55.0,62644,3707241
2024-10-16 02:00:00,55,55,55,55,56,56,56,56,56.0,55.0,56.0,56.0,55.0,8453,3714151
2024-10-16 03:00:00,55,55,56,56,56,56,57,57,56.0,56.0,57.0,57.0,56.0,31393,3734841
2024-10-16 04:00:00,56,56,56,56,57,57,57,57,57.0,56.0,57.0,57.0,56.0,33304,3766640
2024-10-16 05:00:00,56,56,56,56,57,57,57,57,57.0,56.0,57.0,56.0,56.0,121300,3779015
2024-10-16 06:00:00,56,56,56,56,57,57,57,57,57.0,56.0,57.0,57.0,56.0,134022,3782012
2024-10-16 07:00:00,56,56,56,56,57,57,57,57,57.0,56.0,57.0,57.0,56.0,4593,3785698
2024-10-16 13:00:00,56,56,57,57,57,57,58,58,57.0,57.0,58.0,57.0,57.0,73007,3759036
2024-10-16 14:00:00,57,56,57,56,58,57,58,57,58.0,56.0,58.0,57.0,57.0,205040,3792173
2024-10-16 15:00:00,56,56,56,56,57,57,57,57,57.0,56.0,57.0,57.0,56.0,14397,3806132
2024-10-16 16:00:00,56,56,56,56,57,57,57,57,56.0,56.0,57.0,57.0,56.0,24369,3827562
2024-10-16 17:00:00,56,56,56,56,57,57,57,57,57.0,56.0,57.0,57.0,56.0,39758,3867023
2024-10-16 18:00:00,56,55,56,55,57,56,57,56,57.0,55.0,57.0,56.0,55.0,59447,3888470
2024-10-16 19:00:00,55,55,55,55,56,56,56,56,56.0,55.0,56.0,55.0,55.0,28935,3914878
2024-10-16 20:00:00,55,55,55,55,56,56,56,56,55.0,55.0,56.0,56.0,55.0,28232,3942424
2024-10-16 21:00:00,55,54,55,54,56,55,56,55,56.0,54.0,56.0,55.0,54.0,68091,3989261
2024-10-16 22:00:00,54,54,54,54,55,55,55,55,55.0,54.0,55.0,55.0,54.0,253179,4024745
2024-10-16 23:00:00,54,54,55,55,55,55,56,56,55.0,54.0,56.0,55.0,55.0,668315,4638662
2024-10-17 00:00:00,55,55,55,55,56,56,56,56,55.0,55.0,56.0,56.0,55.0,25724,4648679
2024-10-17 01:00:00,55,55,55,55,56,56,56,56,56.0,55.0,56.0,56.0,55.0,34258,4680730
2024-10-17 02:00:00,55,55,55,55,56,56,56,56,55.0,55.0,56.0,56.0,55.0,48054,4690522
2024-10-17 03:00:00,55,55,56,55,56,56,57,56,56.0,55.0,57.0,56.0,56.0,419332,4712088
2024-10-17 04:00:00,55,55,56,55,56,56,57,56,56.0,55.0,56.0,56.0,55.0,439167,4926161
2024-10-17 05:00:00,55,55,56,56,56,56,57,57,56.0,55.0,57.0,57.0,56.0,55755,4981456
2024-10-17 06:00:00,56,55,56,55,57,56,57,56,57.0,56.0,57.0,56.0,56.0,224134,4985384
2024-10-17 07:00:00,55,55,55,55,56,56,56,56,56.0,55.0,56.0,56.0,55.0,3474,4988858
2024-10-17 13:00:00,55,55,56,56,56,56,58,57,56.0,56.0,57.0,57.0,56.0,90398,5044053
2024-10-17 14:00:00,56,56,57,57,57,57,58,58,57.0,56.0,58.0,58.0,57.0,61675,5083008
2024-10-17 15:00:00,57,56,57,56,58,57,58,57,58.0,56.0,58.0,57.0,57.0,96742,5102765
2024-10-17 16:00:00,56,56,57,56,57,57,58,57,57.0,56.0,58.0,57.0,56.0,224512,5209925
2024-10-17 17:00:00,56,55,56,56,57,56,57,57,57.0,55.0,57.0,57.0,56.0,345337,5522671
2024-10-17 18:00:00,56,55,56,55,57,56,57,56,56.0,55.0,57.0,56.0,55.0,646531,5781010
2024-10-17 19:00:00,55,55,56,55,56,56,57,56,56.0,55.0,57.0,56.0,55.0,264686,6035707
2024-10-17 20:00:00,55,55,56,56,56,56,57,57,56.0,55.0,57.0,57.0,56.0,558080,6565474
2024-10-17 21:00:00,56,56,57,57,57,57,58,58,57.0,56.0,58.0,58.0,57.0,36542,6585917
2024-10-17 22:00:00,57,57,57,57,58,58,58,58,58.0,57.0,58.0,57.0,57.0,21239,6598046
2024-10-17 23:00:00,57,57,57,57,58,58,58,58,58.0,57.0,58.0,58.0,57.0,41614,6635697
2024-10-18 00:00:00,57,57,57,57,58,58,58,58,58.0,57.0,58.0,58.0,57.0,35839,6669419
2024-10-18 01:00:00,57,57,57,57,58,58,58,58,58.0,57.0,58.0,57.0,57.0,247134,6696787
2024-10-18 02:00:00,57,57,57,57,58,58,58,58,58.0,57.0,58.0,58.0,57.0,63118,6707516
2024-10-18 03:00:00,57,56,57,57,58,57,58,58,58.0,56.0,58.0,58.0,57.0,333059,6745114
2024-10-18 04:00:00,57,57,57,57,58,58,58,58,58.0,57.0,58.0,58.0,57.0,29641,6773409
2024-10-18 05:00:00,57,57,57,57,58,58,58,58,58.0,57.0,58.0,58.0,57.0,13035,6784118
2024-10-18 06:00:00,57,57,58,57,58,58,59,58,58.0,57.0,58.0,58.0,57.0,235416,6784757
2024-10-18 07:00:00,57,57,57,57,58,58,58,58,58.0,57.0,58.0,58.0,57.0,10654,6795139
2024-10-18 13:00:00,57,57,57,57,58,58,58,58,58.0,57.0,58.0,57.0,57.0,58255,6807315
2024-10-18 14:00:00,57,57,57,57,58,58,58,58,58.0,57.0,58.0,57.0,57.0,86421,6869285
2024-10-18 15:00:00,57,57,57,57,58,58,58,58,58.0,57.0,58.0,58.0,57.0,41627,6909942
2024-10-18 16:00:00,57,57,57,57,58,58,58,58,58.0,57.0,58.0,58.0,57.0,165173,6954234
2024-10-18 17:00:00,57,57,57,57,58,58,58,58,58.0,57.0,58.0,58.0,57.0,26578,6976683
2024-10-18 18:00:00,57,56,57,56,58,57,58,57,58.0,56.0,58.0,57.0,57.0,806972,7521475
2024-10-18 19:00:00,56,56,57,56,57,57,58,57,57.0,56.0,58.0,57.0,56.0,553984,7546844
2024-10-18 20:00:00,56,56,56,56,57,57,57,57,57.0,56.0,57.0,56.0,56.0,74665,7600069
2024-10-18 21:00:00,56,56,56,56,57,57,57,57,57.0,56.0,57.0,57.0,56.0,39797,7638204
2024-10-18 22:00:00,56,56,57,57,57,57,58,58,57.0,56.0,58.0,58.0,57.0,331760,7942466
2024-10-18 23:00:00,57,57,58,57,58,58,59,58,58.0,57.0,59.0,58.0,57.0,458604,7973949
2024-10-19 00:00:00,57,57,57,57,58,58,58,58,58.0,57.0,58.0,58.0,57.0,30783,7992671
2024-10-19 01:00:00,57,57,58,57,58,58,59,58,58.0,57.0,58.0,58.0,58.0,159455,8091196
2024-10-19 02:00:00,57,57,57,57,58,58,58,58,57.0,57.0,58.0,58.0,57.0,24914,8115327
2024-10-19 03:00:00,57,56,58,56,58,57,59,57,58.0,57.0,59.0,57.0,57.0,76694,8126775
2024-10-19 04:00:00,56,56,57,57,57,57,58,58,56.0,56.0,58.0,58.0,57.0,21896,8145275
2024-10-19 05:00:00,57,57,57,57,58,58,58,58,58.0,57.0,58.0,58.0,57.0,215484,8152010
2024-10-19 06:00:00,57,57,57,57,58,58,58,58,58.0,57.0,58.0,58.0,57.0,10289,8159917
2024-10-19 07:00:00,57,56,57,57,58,57,58,58,58.0,56.0,58.0,58.0,57.0,29005,8188823
2024-10-19 13:00:00,57,57,57,57,58,58,58,58,57.0,57.0,58.0,58.0,57.0,7141,8194275
2024-10-19 14:00:00,57,57,57,57,58,58,58,58,58.0,57.0,58.0,58.0,57.0,7643,8200217
2024-10-19 15:00:00,57,57,57,57,58,58,58,58,58.0,57.0,58.0,58.0,57.0,21766,8221821
2024-10-19 16:00:00,57,57,58,58,58,58,59,59,58.0,58.0,59.0,59.0,58.0,206008,8241073
2024-10-19 17:00:00,58,58,58,58,59,59,59,59,59.0,58.0,59.0,59.0,58.0,11819,8243451
2024-10-19 18:00:00,58,57,58,57,59,58,59,58,59.0,57.0,59.0,58.0,58.0,320256,7934960
2024-10-19 19:00:00,57,57,57,57,58,58,58,58,57.0,57.0,58.0,57.0,57.0,22290,7935608
2024-10-19 20:00:00,57,57,57,57,58,58,58,58,58.0,57.0,58.0,58.0,57.0,7973,7943059
2024-10-19 21:00:00,57,56,57,56,58,57,58,57,58.0,56.0,58.0,57.0,56.0,19462,7957327
2024-10-19 22:00:00,56,56,56,56,57,57,57,57,57.0,56.0,57.0,57.0,56.0,13625,7967589
2024-10-19 23:00:00,56,56,56,56,57,57,57,57,57.0,56.0,57.0,57.0,56.0,15156,7974577
2024-10-20 00:00:00,56,56,56,56,57,57,57,57,57.0,57.0,57.0,57.0,57.0,6970,7981547
2024-10-20 01:00:00,56,56,56,56,57,57,57,57,57.0,56.0,57.0,57.0,56.0,4194,7985674
2024-10-20 02:00:00,56,56,56,56,57,57,57,57,57.0,56.0,57.0,56.0,56.0,4681,7989970
2024-10-20 03:00:00,56,56,56,56,57,57,57,57,57.0,56.0,57.0,57.0,56.0,47037,8028844
2024-10-20 04:00:00,56,56,56,56,57,57,57,57,56.0,56.0,57.0,56.0,56.0,52331,8026446
2024-10-20 05:00:00,56,56,56,56,57,57,57,57,56.0,56.0,57.0,57.0,56.0,25336,8051252
2024-10-20 06:00:00,56,56,56,56,57,57,57,57,57.0,56.0,57.0,57.0,56.0,3528,8054735
2024-10-20 07:00:00,56,56,56,56,57,57,57,57,57.0,56.0,57.0,57.0,56.0,4236,8058631
2024-10-20 13:00:00,56,56,56,56,57,57,57,57,57.0,56.0,57.0,57.0,56.0,1350,8059876
2024-10-20 14:00:00,56,56,56,56,57,57,57,57,57.0,56.0,57.0,57.0,56.0,6737,8066157
2024-10-20 15:00:00,56,56,56,56,57,57,57,57,57.0,56.0,57.0,57.0,56.0,5943,8071258
2024-10-20 16:00:00,56,56,56,56,57,57,57,57,57.0,56.0,57.0,57.0,56.0,9472,8080171
2024-10-20 17:00:00,56,56,56,56,57,57,57,57,57.0,56.0,57.0,57.0,56.0,13628,8089035
2024-10-20 18:00:00,56,56,56,56,57,57,57,57,57.0,56.0,57.0,57.0,56.0,9021,8097312
2024-10-20 19:00:00,56,56,56,56,57,57,57,57,57.0,56.0,57.0,57.0,56.0,7916,8103566
2024-10-20 20:00:00,56,56,56,56,57,57,57,57,57.0,56.0,57.0,57.0,56.0,8457,8111095
2024-10-20 21:00:00,56,56,56,56,57,57,57,57,57.0,56.0,57.0,57.0,56.0,17673,8127607
2024-10-20 22:00:00,56,56,56,56,57,57,57,57,57.0,56.0,57.0,57.0,56.0,295339,8371973
2024-10-20 23:00:00,56,56,57,57,57,57,58,58,56.0,56.0,58.0,58.0,56.0,362314,8516873
2024-10-21 00:00:00,57,57,57,57,58,58,58,58,57.0,57.0,58.0,58.0,57.0,79296,8544938
2024-10-21 01:00:00,57,57,57,57,58,58,58,58,58.0,57.0,58.0,58.0,57.0,12499,8556735
2024-10-21 02:00:00,57,57,57,57,58,58,58,58,58.0,57.0,58.0,58.0,57.0,120334,8599086
2024-10-21 03:00:00,57,57,57,57,58,58,58,58,58.0,57.0,58.0,58.0,57.0,11754,8610549
2024-10-21 04:00:00,57,57,57,57,58,58,58,58,58.0,57.0,58.0,58.0,57.0,131189,8633360
2024-10-21 05:00:00,57,57,58,58,58,58,59,59,58.0,58.0,59.0,59.0,58.0,51653,8596829
2024-10-21 06:00:00,58,58,58,58,59,59,59,59,59.0,59.0,59.0,59.0,59.0,1238,8598067
2024-10-21 07:00:00,58,57,58,57,59,58,59,58,59.0,57.0,59.0,58.0,58.0,3387,8600631
2024-10-21 13:00:00,57,57,57,57,58,58,58,58,58.0,57.0,58.0,58.0,57.0,242294,8786655
2024-10-21 14:00:00,57,57,57,57,58,58,58,58,58.0,57.0,58.0,58.0,57.0,136673,8845992
2024-10-21 15:00:00,57,57,57,57,58,58,58,58,58.0,57.0,58.0,58.0,57.0,58609,8899792
2024-10-21 16:00:00,57,57,57,57,58,58,58,58,58.0,57.0,58.0,58.0,57.0,536045,9059897
2024-10-21 17:00:00,57,57,57,57,58,58,58,58,58.0,57.0,58.0,57.0,57.0,223354,9152272
2024-10-21 18:00:00,57,57,57,57,58,58,58,58,57.0,57.0,58.0,58.0,57.0,750841,9316994
2024-10-21 19:00:00,57,56,57,56,58,57,58,57,58.0,56.0,58.0,57.0,57.0,293076,9374639
2024-10-21 20:00:00,56,56,57,56,57,57,58,58,57.0,56.0,58.0,58.0,57.0,547458,9413883
2024-10-21 21:00:00,56,56,57,57,58,58,58,58,58.0,56.0,58.0,57.0,57.0,505758,9430204
2024-10-21 22:00:00,57,56,57,56,58,57,58,57,57.0,56.0,58.0,57.0,57.0,167843,9495584
2024-10-21 23:00:00,56,56,57,57,57,57,58,58,57.0,56.0,58.0,58.0,57.0,283986,9737932
2024-10-22 00:00:00,57,57,58,58,58,58,59,59,58.0,57.0,59.0,58.0,57.0,532633,10237022
2024-10-22 01:00:00,58,58,58,58,59,59,59,59,58.0,58.0,59.0,58.0,58.0,162842,10300837
2024-10-22 02:00:00,58,58,58,58,59,59,59,59,59.0,58.0,59.0,59.0,58.0,45197,10320353
2024-10-22 03:00:00,58,58,59,59,59,59,60,60,59.0,58.0,60.0,60.0,59.0,177020,10399193
2024-10-22 04:00:00,59,59,60,60,60,60,61,61,60.0,59.0,61.0,61.0,59.0,70234,10438541
2024-10-22 05:00:00,60,60,60,60,61,61,61,61,61.0,60.0,61.0,61.0,60.0,707546,10452338
2024-10-22 06:00:00,60,60,60,60,61,61,61,61,61.0,60.0,61.0,61.0,60.0,34347,10483851
2024-10-22 07:00:00,60,60,60,60,61,61,61,61,61.0,60.0,61.0,60.0,60.0,10313,10481422
2024-10-22 13:00:00,60,59,60,59,61,60,61,60,61.0,59.0,61.0,60.0,60.0,210731,10332199
2024-10-22 14:00:00,59,58,59,58,60,59,60,59,60.0,58.0,60.0,58.0,59.0,180731,10336765
2024-10-22 15:00:00,58,58,58,58,59,59,59,59,59.0,58.0,59.0,59.0,58.0,31880,10359732
2024-10-22 16:00:00,58,58,59,59,59,59,60,60,59.0,58.0,60.0,60.0,59.0,404944,10392235
2024-10-22 17:00:00,59,59,59,59,60,60,60,60,60.0,59.0,60.0,60.0,59.0,106273,10390631
2024-10-22 18:00:00,59,59,60,59,60,60,61,60,60.0,59.0,61.0,60.0,60.0,724745,10314098
2024-10-22 19:00:00,59,59,60,60,60,60,61,61,60.0,59.0,61.0,61.0,59.0,170834,10410199
2024-10-22 20:00:00,60,60,60,60,61,61,61,61,61.0,60.0,61.0,61.0,60.0,35956,10413072
2024-10-22 21:00:00,60,60,60,60,61,61,61,61,61.0,60.0,61.0,61.0,60.0,50252,10420329
2024-10-22 22:00:00,60,59,60,59,61,60,61,60,61.0,59.0,61.0,60.0,59.0,95154,10386917
2024-10-22 23:00:00,59,59,59,59,60,60,60,60,60.0,59.0,60.0,60.0,59.0,226443,10378137
2024-10-23 00:00:00,59,59,59,59,60,60,60,60,60.0,59.0,60.0,60.0,59.0,155364,10398785
2024-10-23 01:00:00,59,59,60,60,60,60,61,61,60.0,59.0,61.0,61.0,59.0,808924,11134235
2024-10-23 02:00:00,60,60,60,60,61,61,61,61,60.0,60.0,61.0,61.0,60.0,45842,11123169
2024-10-23 03:00:00,60,59,60,59,61,60,61,60,61.0,59.0,61.0,60.0,60.0,292936,11166006
2024-10-23 04:00:00,59,59,59,59,60,60,60,60,60.0,59.0,60.0,60.0,59.0,66795,11230733
2024-10-23 05:00:00,59,59,59,59,60,60,60,60,59.0,59.0,60.0,60.0,59.0,13486,11239540
2024-10-23 06:00:00,59,59,59,59,60,60,60,60,60.0,59.0,60.0,60.0,59.0,26817,11262890
2024-10-23 07:00:00,59,59,59,59,60,60,60,60,60.0,59.0,60.0,60.0,59.0,70329,11324338
2024-10-23 13:00:00,59,59,60,60,60,60,61,61,59.0,59.0,61.0,60.0,60.0,99047,11347607
2024-10-23 14:00:00,60,60,60,60,61,61,61,61,61.0,60.0,61.0,61.0,60.0,80997,11411749
2024-10-23 15:00:00,60,60,60,60,61,61,61,61,60.0,60.0,61.0,61.0,60.0,23178,11428337
2024-10-23 16:00:00,60,60,60,60,61,61,61,61,61.0,60.0,61.0,61.0,60.0,375495,11563589
2024-10-23 17:00:00,60,59,60,59,61,60,61,60,60.0,60.0,61.0,60.0,60.0,84589,11638512
2024-10-23 18:00:00,59,56,59,58,60,57,60,59,60.0,56.0,60.0,59.0,58.0,1383111,11117256
2024-10-23 19:00:00,58,58,58,58,59,59,59,59,58.0,58.0,59.0,59.0,58.0,265826,11237349
2024-10-23 20:00:00,58,58,58,58,59,59,59,59,59.0,58.0,59.0,59.0,58.0,47812,11283774
2024-10-23 21:00:00,58,58,58,58,59,59,59,59,59.0,58.0,59.0,59.0,58.0,199582,11481924
2024-10-23 22:00:00,58,58,58,58,59,59,59,59,59.0,58.0,59.0,59.0,58.0,341061,11809176
2024-10-23 23:00:00,58,58,58,58,59,59,59,59,59.0,58.0,59.0,59.0,58.0,150068,11950208
2024-10-24 00:00:00,58,57,58,58,59,58,59,59,59.0,57.0,59.0,59.0,58.0,95477,11956724
2024-10-24 01:00:00,58,58,58,58,59,59,59,59,59.0,58.0,59.0,59.0,58.0,42639,11993039
2024-10-24 02:00:00,58,58,59,59,59,59,60,60,59.0,58.0,60.0,60.0,59.0,169082,12025245
2024-10-24 03:00:00,59,58,59,58,60,59,60,59,60.0,58.0,60.0,59.0,59.0,116345,12049872
2024-10-24 04:00:00,58,58,58,58,59,59,59,59,59.0,58.0,59.0,59.0,58.0,50451,12099258
2024-10-24 05:00:00,58,57,58,57,59,58,59,58,59.0,57.0,59.0,58.0,58.0,127042,12183141
2024-10-24 06:00:00,57,57,58,58,58,58,59,59,58.0,57.0,59.0,59.0,58.0,65232,12219814
2024-10-24 07:00:00,58,57,58,57,59,58,59,58,59.0,58.0,59.0,58.0,58.0,29673,12237876
2024-10-24 13:00:00,57,57,58,58,58,58,59,59,58.0,58.0,59.0,59.0,58.0,163755,12400573
2024-10-24 14:00:00,58,58,58,58,59,59,59,59,59.0,58.0,59.0,59.0,58.0,92978,12493239
2024-10-24 15:00:00,58,58,58,58,59,59,59,59,59.0,58.0,59.0,59.0,58.0,63696,12556733
2024-10-24 16:00:00,58,58,58,58,59,59,59,59,59.0,58.0,59.0,59.0,58.0,78999,12632816
2024-10-24 17:00:00,58,58,59,59,59,59,60,60,59.0,58.0,60.0,60.0,59.0,176807,12673851
2024-10-24 18:00:00,59,59,59,59,60,60,60,60,60.0,59.0,60.0,60.0,59.0,83357,12735090
2024-10-24 19:00:00,59,59,59,59,60,60,60,60,60.0,59.0,60.0,60.0,59.0,239365,12967101
2024-10-24 20:00:00,59,59,59,59,60,60,60,60,60.0,59.0,60.0,60.0,59.0,236272,13117866
2024-10-24 21:00:00,59,59,59,59,60,60,60,60,60.0,59.0,60.0,60.0,59.0,82268,13117415
2024-10-24 22:00:00,59,59,60,60,60,60,61,61,60.0,59.0,61.0,61.0,60.0,603042,13659499
2024-10-24 23:00:00,60,60,60,60,61,61,61,61,61.0,60.0,61.0,60.0,60.0,90126,13709179
2024-10-25 00:00:00,60,60,60,60,61,61,61,61,61.0,60.0,61.0,61.0,60.0,68067,13765612
2024-10-25 01:00:00,60,60,61,61,61,61,62,62,60.0,60.0,62.0,62.0,61.0,260648,13944395
2024-10-25 02:00:00,61,61,62,62,62,62,63,63,61.0,61.0,63.0,63.0,61.0,391170,14290851
2024-10-25 03:00:00,62,61,62,61,63,62,63,62,63.0,61.0,63.0,62.0,62.0,2576248,14186284
2024-10-25 04:00:00,61,61,61,61,62,62,62,62,62.0,61.0,62.0,62.0,61.0,133015,14293553
2024-10-25 05:00:00,61,61,61,61,62,62,62,62,62.0,61.0,62.0,62.0,61.0,37714,14325825
2024-10-25 06:00:00,61,61,62,61,62,62,63,62,62.0,61.0,63.0,62.0,62.0,362752,14336437
2024-10-25 07:00:00,61,61,61,61,62,62,62,62,62.0,61.0,62.0,62.0,61.0,18876,14352531
2024-10-25 08:00:00,61,61,61,61,62,62,62,62,61.0,61.0,61.0,61.0,61.0,384,14352531
2024-10-25 13:00:00,61,61,61,61,62,62,62,62,62.0,61.0,62.0,62.0,61.0,143931,14468993
2024-10-25 14:00:00,61,61,61,61,62,62,62,62,62.0,61.0,62.0,62.0,61.0,127038,14582387
2024-10-25 15:00:00,61,61,61,61,62,62,62,62,62.0,61.0,62.0,62.0,61.0,64443,14642999
2024-10-25 16:00:00,61,61,61,61,62,62,62,62,62.0,61.0,62.0,62.0,61.0,181757,14634058
2024-10-25 17:00:00,61,61,61,61,62,62,62,62,62.0,61.0,62.0,62.0,61.0,289469,14724401
2024-10-25 18:00:00,61,61,61,61,62,62,62,62,62.0,61.0,62.0,62.0,61.0,92730,14766233
2024-10-25 19:00:00,61,61,61,61,62,62,62,62,62.0,61.0,62.0,62.0,61.0,395223,14939344
2024-10-25 20:00:00,61,61,62,62,62,62,63,63,62.0,61.0,63.0,63.0,62.0,1705304,15420113
2024-10-25 21:00:00,62,61,62,61,63,62,63,62,63.0,61.0,63.0,62.0,61.0,497014,15319232
2024-10-25 22:00:00,61,61,61,61,62,62,62,62,62.0,61.0,62.0,62.0,61.0,161485,15477202
2024-10-25 23:00:00,61,61,61,61,62,62,62,62,62.0,61.0,62.0,62.0,61.0,64073,15540272
2024-10-26 00:00:00,61,61,61,61,62,62,62,62,62.0,61.0,62.0,62.0,61.0,50169,15588761
2024-10-26 01:00:00,61,61,61,61,62,62,62,62,62.0,61.0,62.0,62.0,61.0,41697,15629470
2024-10-26 02:00:00,61,61,61,61,62,62,62,62,62.0,61.0,62.0,62.0,61.0,34399,15662713
2024-10-26 03:00:00,61,61,62,62,62,62,63,63,62.0,61.0,63.0,63.0,62.0,399594,15758187
2024-10-26 04:00:00,62,60,62,60,63,61,63,61,63.0,60.0,63.0,61.0,62.0,60155,15811972
2024-10-26 05:00:00,60,60,60,60,61,61,61,61,61.0,60.0,61.0,60.0,60.0,63952,15857134
2024-10-26 06:00:00,60,60,60,60,61,61,61,61,60.0,60.0,61.0,61.0,60.0,35463,15882032
2024-10-26 07:00:00,60,60,60,60,61,61,61,61,61.0,60.0,61.0,61.0,60.0,47161,15928943
2024-10-26 13:00:00,60,60,60,60,61,61,61,61,61.0,60.0,61.0,61.0,60.0,34813,15960768
2024-10-26 14:00:00,60,60,60,60,61,61,61,61,61.0,60.0,61.0,60.0,60.0,25688,15985073
2024-10-26 15:00:00,60,60,60,60,61,61,61,61,61.0,60.0,61.0,61.0,60.0,34175,16008573
2024-10-26 16:00:00,60,60,60,60,61,61,61,61,60.0,60.0,61.0,61.0,60.0,33496,16039538
2024-10-26 17:00:00,60,60,60,60,61,61,61,61,61.0,60.0,61.0,61.0,60.0,58917,16060086
2024-10-26 18:00:00,60,60,60,60,61,61,61,61,61.0,60.0,61.0,61.0,60.0,29945,16086342
2024-10-26 19:00:00,60,60,61,61,61,61,62,62,61.0,60.0,62.0,62.0,61.0,554363,16481735
2024-10-26 20:00:00,61,61,61,61,62,62,62,62,62.0,61.0,62.0,61.0,61.0,35164,16512597
2024-10-26 21:00:00,61,61,61,61,62,62,62,62,62.0,61.0,62.0,62.0,61.0,38691,16547426
2024-10-26 22:00:00,61,61,61,61,62,62,62,62,62.0,61.0,62.0,62.0,61.0,32413,16576823
2024-10-26 23:00:00,61,61,61,61,62,62,62,62,62.0,61.0,62.0,62.0,61.0,25282,16601571
2024-10-27 00:00:00,61,61,61,61,62,62,62,62,62.0,61.0,62.0,62.0,61.0,32415,16625914
2024-10-27 01:00:00,61,61,61,61,62,62,62,62,62.0,61.0,62.0,62.0,61.0,25024,16650017
2024-10-27 02:00:00,61,61,61,61,62,62,62,62,62.0,61.0,62.0,62.0,61.0,48669,16695202
2024-10-27 03:00:00,61,61,62,62,62,62,63,63,62.0,61.0,63.0,63.0,62.0,30011,16716951
2024-10-27 04:00:00,62,62,62,62,63,63,63,63,63.0,62.0,63.0,62.0,62.0,21596,16729864
2024-10-27 05:00:00,62,62,62,62,63,63,63,63,62.0,62.0,63.0,62.0,62.0,22120,16748863
2024-10-27 06:00:00,62,62,62,62,63,63,63,63,63.0,62.0,63.0,63.0,62.0,13096,16757957
2024-10-27 07:00:00,62,62,62,62,63,63,63,63,63.0,62.0,63.0,63.0,63.0,36157,16793993
2024-10-27 13:00:00,62,62,62,62,63,63,63,63,63.0,62.0,63.0,63.0,62.0,13458,16803498
2024-10-27 14:00:00,62,62,62,62,63,63,63,63,63.0,62.0,63.0,63.0,62.0,19267,16819523
2024-10-27 15:00:00,62,62,62,62,63,63,63,63,63.0,62.0,63.0,63.0,62.0,46119,16852543
2024-10-27 16:00:00,62,62,62,62,63,63,63,63,63.0,62.0,63.0,62.0,62.0,23299,16869180
2024-10-27 17:00:00,62,62,62,62,63,63,63,63,63.0,62.0,63.0,63.0,62.0,30850,16891194
2024-10-27 18:00:00,62,62,62,62,63,63,63,63,63.0,62.0,63.0,63.0,62.0,33643,16910254
2024-10-27 19:00:00,62,62,62,62,63,63,63,63,63.0,62.0,63.0,62.0,62.0,38744,16933748
2024-10-27 20:00:00,62,62,62,62,63,63,63,63,63.0,62.0,63.0,62.0,62.0,61339,16966175
2024-10-27 21:00:00,62,62,62,62,63,63,63,63,63.0,62.0,63.0,63.0,62.0,33001,16996335
2024-10-27 22:00:00,62,62,62,62,63,63,63,63,63.0,62.0,63.0,63.0,62.0,28444,17021990
2024-10-27 23:00:00,62,61,62,61,63,62,63,62,62.0,61.0,63.0,62.0,62.0,255129,17062292
2024-10-28 00:00:00,61,61,61,61,62,62,63,62,62.0,61.0,63.0,62.0,61.0,77492,17098814
2024-10-28 01:00:00,61,61,61,61,62,62,62,62,62.0,61.0,62.0,62.0,61.0,170746,17157311
2024-10-28 02:00:00,61,61,62,62,62,62,63,63,62.0,61.0,63.0,63.0,61.0,908704,17184116
2024-10-28 03:00:00,62,62,62,62,63,63,63,63,63.0,62.0,63.0,63.0,62.0,50480,17228915
2024-10-28 04:00:00,62,62,62,62,63,63,63,63,63.0,62.0,63.0,63.0,62.0,42192,17267834
2024-10-28 05:00:00,62,62,62,62,63,63,63,63,63.0,62.0,63.0,63.0,62.0,28892,17288454
2024-10-28 06:00:00,62,62,62,62,63,63,63,63,63.0,62.0,63.0,63.0,62.0,21582,17299355
2024-10-28 07:00:00,62,62,62,62,63,63,63,63,63.0,62.0,63.0,63.0,62.0,10314,17307983
2024-10-28 13:00:00,62,62,62,62,63,63,63,63,63.0,62.0,63.0,63.0,62.0,34888,17333467
2024-10-28 14:00:00,62,62,62,62,63,63,63,63,63.0,62.0,63.0,63.0,62.0,14362,17345625
2024-10-28 15:00:00,62,62,62,62,63,63,63,63,63.0,62.0,63.0,63.0,62.0,51952,17393262
2024-10-28 16:00:00,62,62,62,62,63,63,63,63,63.0,62.0,63.0,63.0,62.0,434651,17817774
2024-10-28 17:00:00,62,62,62,62,63,63,63,63,63.0,62.0,63.0,63.0,62.0,50737,17862252
2024-10-28 18:00:00,62,62,62,62,63,63,63,63,63.0,62.0,63.0,63.0,62.0,40207,17897175
2024-10-28 19:00:00,62,62,62,62,63,63,63,63,63.0,62.0,63.0,63.0,62.0,704928,17901840
2024-10-28 20:00:00,62,62,62,62,63,63,63,63,63.0,62.0,63.0,63.0,62.0,67757,17889769
2024-10-28 21:00:00,62,62,62,62,63,63,63,63,63.0,62.0,63.0,63.0,62.0,53064,17884637
2024-10-28 22:00:00,62,62,62,62,63,63,63,63,63.0,62.0,63.0,63.0,62.0,47920,17916806
2024-10-28 23:00:00,62,61,62,62,63,62,63,63,63.0,61.0,63.0,63.0,62.0,605564,18500049
2024-10-29 00:00:00,62,62,62,62,63,63,63,63,63.0,62.0,63.0,62.0,62.0,65149,18560236
2024-10-29 01:00:00,62,62,62,62,63,63,63,63,63.0,62.0,63.0,63.0,62.0,46704,18602919
2024-10-29 02:00:00,62,62,62,62,63,63,63,63,63.0,62.0,63.0,63.0,62.0,101313,18677344
2024-10-29 03:00:00,62,61,62,61,63,62,63,62,63.0,61.0,63.0,62.0,61.0,153720,18743860
2024-10-29 04:00:00,61,61,61,61,62,62,62,62,62.0,61.0,62.0,62.0,61.0,257121,18988359
2024-10-29 05:00:00,61,61,61,61,62,62,62,62,62.0,61.0,62.0,62.0,61.0,549261,19021761
2024-10-29 06:00:00,61,60,61,61,62,61,62,62,62.0,61.0,62.0,62.0,61.0,477998,19359428
2024-10-29 07:00:00,61,61,61,61,62,62,62,62,62.0,61.0,62.0,62.0,61.0,15209,19372733
2024-10-29 13:00:00,61,61,63,63,62,62,64,64,62.0,61.0,64.0,64.0,62.0,1083827,19766835
2024-10-29 14:00:00,63,63,63,63,64,64,64,64,64.0,63.0,64.0,64.0,63.0,75522,19801161
2024-10-29 15:00:00,63,63,63,63,64,64,64,64,63.0,63.0,64.0,64.0,63.0,83908,19862350
2024-10-29 16:00:00,63,63,63,63,64,64,64,64,64.0,63.0,64.0,64.0,63.0,58470,19905548
2024-10-29 17:00:00,63,63,63,63,64,64,64,64,64.0,63.0,64.0,63.0,63.0,153744,19937577
2024-10-29 18:00:00,63,63,64,64,64,64,65,65,64.0,63.0,65.0,65.0,64.0,1072165,19979489
2024-10-29 19:00:00,64,64,65,65,65,65,66,66,65.0,64.0,66.0,66.0,65.0,2270070,20544278
2024-10-29 20:00:00,65,64,65,64,66,65,66,65,66.0,64.0,66.0,65.0,65.0,164157,20583768
2024-10-29 21:00:00,64,64,64,64,65,65,65,65,64.0,64.0,65.0,65.0,64.0,56676,20626602
2024-10-29 22:00:00,64,64,64,64,65,65,65,65,65.0,64.0,65.0,65.0,64.0,417414,20712327
2024-10-29 23:00:00,64,64,64,64,65,65,65,65,65.0,64.0,65.0,65.0,64.0,59825,20732493
2024-10-30 00:00:00,64,63,64,63,65,64,65,64,65.0,63.0,65.0,64.0,63.0,199749,20728489
2024-10-30 01:00:00,63,63,63,63,64,64,64,64,64.0,63.0,64.0,63.0,63.0,81697,20790975
2024-10-30 02:00:00,63,63,63,63,64,64,64,64,64.0,63.0,64.0,64.0,63.0,56242,20838987
2024-10-30 03:00:00,63,62,63,62,64,63,64,63,64.0,62.0,64.0,63.0,63.0,54238,20882125
2024-10-30 04:00:00,62,61,62,61,63,62,63,62,63.0,61.0,63.0,62.0,61.0,220859,20957403
2024-10-30 05:00:00,61,61,61,61,62,62,62,62,62.0,61.0,62.0,62.0,61.0,102878,21055711
2024-10-30 06:00:00,61,61,61,61,62,62,62,62,61.0,61.0,62.0,62.0,61.0,32526,21085829
2024-10-30 07:00:00,61,61,61,61,62,62,62,62,62.0,61.0,62.0,62.0,61.0,38693,21121974
2024-10-30 13:00:00,61,61,62,62,62,62,63,63,62.0,62.0,63.0,63.0,62.0,28543,21147321
2024-10-30 14:00:00,62,62,62,62,63,63,63,63,63.0,62.0,63.0,63.0,62.0,677514,21817748
2024-10-30 15:00:00,62,62,62,62,63,63,63,63,63.0,62.0,63.0,63.0,62.0,375792,22094383
2024-10-30 16:00:00,62,62,63,62,63,63,64,64,63.0,62.0,64.0,64.0,63.0,429790,22355689
2024-10-30 17:00:00,62,62,62,62,64,63,64,63,64.0,62.0,64.0,62.0,62.0,320253,22600995
2024-10-30 18:00:00,62,62,62,62,63,63,63,63,63.0,62.0,63.0,63.0,62.0,141300,22708190
2024-10-30 19:00:00,62,62,62,62,63,63,63,63,63.0,62.0,63.0,62.0,62.0,443834,23002547
2024-10-30 20:00:00,62,61,62,61,63,62,63,62,63.0,61.0,63.0,62.0,61.0,292951,23154410
2024-10-30 21:00:00,61,61,62,62,62,62,63,63,62.0,61.0,63.0,63.0,62.0,302005,23224039
2024-10-30 22:00:00,62,61,62,61,63,62,63,62,63.0,61.0,63.0,62.0,61.0,264579,23399220
2024-10-30 23:00:00,61,61,61,61,62,62,62,62,62.0,61.0,62.0,62.0,61.0,444485,23785509
2024-10-31 00:00:00,61,61,61,61,62,62,62,62,62.0,61.0,62.0,62.0,61.0,123728,23872806
2024-10-31 01:00:00,61,60,61,60,62,61,62,61,62.0,60.0,62.0,61.0,61.0,260795,23971548
2024-10-31 02:00:00,60,59,60,59,61,60,61,60,61.0,59.0,61.0,60.0,59.0,556290,24085699
2024-10-31 03:00:00,59,58,59,58,60,59,60,59,60.0,58.0,60.0,58.0,59.0,220490,24204817
2024-10-31 04:00:00,58,57,58,58,59,58,59,59,59.0,58.0,59.0,59.0,58.0,149528,24337728
2024-10-31 05:00:00,58,57,58,58,59,58,59,59,59.0,57.0,59.0,59.0,58.0,98834,24398981
2024-10-31 06:00:00,58,58,58,58,59,59,59,59,59.0,58.0,59.0,59.0,58.0,253706,24549489
2024-10-31 07:00:00,58,58,58,58,59,59,59,59,59.0,58.0,59.0,59.0,58.0,94437,24640378
2024-10-31 13:00:00,58,58,61,60,59,59,62,61,59.0,59.0,62.0,61.0,60.0,1482337,25394135
2024-10-31 14:00:00,60,59,60,59,61,60,61,60,61.0,59.0,61.0,60.0,60.0,601908,25585152
2024-10-31 15:00:00,59,59,60,59,60,60,61,60,60.0,59.0,61.0,60.0,60.0,1050599,26522281
2024-10-31 16:00:00,59,59,60,60,60,60,61,61,60.0,59.0,61.0,61.0,59.0,552747,26906274
2024-10-31 17:00:00,60,59,60,59,61,60,61,60,61.0,59.0,61.0,60.0,60.0,238561,27096514
2024-10-31 18:00:00,59,59,59,59,60,60,60,60,60.0,59.0,60.0,60.0,59.0,475637,27315018
2024-10-31 19:00:00,59,57,59,57,60,58,60,58,60.0,57.0,60.0,58.0,58.0,1030251,27939260
2024-10-31 20:00:00,57,57,57,57,58,58,58,58,57.0,57.0,58.0,58.0,57.0,433179,28156564
2024-10-31 21:00:00,57,56,57,56,58,57,58,57,58.0,56.0,58.0,57.0,57.0,454810,28568559
2024-10-31 22:00:00,56,56,58,58,57,57,59,59,57.0,56.0,59.0,59.0,58.0,1435818,29904790
2024-10-31 23:00:00,58,58,59,58,59,59,60,59,58.0,58.0,60.0,58.0,59.0,771992,30588354
2024-11-01 00:00:00,58,58,59,58,59,59,60,59,59.0,58.0,60.0,59.0,59.0,590377,31077864
2024-11-01 01:00:00,58,58,59,59,59,59,60,60,59.0,58.0,60.0,60.0,59.0,449829,31484793
2024-11-01 02:00:00,59,58,60,59,60,59,61,60,60.0,58.0,61.0,59.0,59.0,367456,31827246
2024-11-01 03:00:00,59,58,59,58,60,59,60,59,60.0,58.0,60.0,59.0,59.0,119855,31933435
2024-11-01 04:00:00,58,57,58,57,59,58,59,58,59.0,57.0,59.0,58.0,58.0,102017,32014024
2024-11-01 05:00:00,57,56,57,56,58,57,58,57,58.0,56.0,58.0,56.0,57.0,630307,32288492
2024-11-01 06:00:00,56,56,56,56,57,57,57,57,57.0,56.0,57.0,57.0,56.0,210676,32320118
2024-11-01 07:00:00,56,56,56,56,57,57,57,57,57.0,56.0,57.0,57.0,56.0,57363,32351424
2024-11-01 13:00:00,56,56,58,57,57,57,59,58,57.0,57.0,59.0,58.0,58.0,243175,32462041
2024-11-01 14:00:00,57,57,58,58,58,58,59,59,58.0,57.0,59.0,59.0,58.0,529972,32920005
2024-11-01 15:00:00,58,57,58,57,59,58,59,58,59.0,57.0,59.0,58.0,57.0,580105,33293990
2024-11-01 16:00:00,57,56,57,56,58,57,58,57,58.0,56.0,58.0,57.0,57.0,396567,33627731
2024-11-01 17:00:00,56,56,56,56,57,57,57,57,57.0,56.0,57.0,57.0,56.0,303500,33905403
2024-11-01 18:00:00,56,56,57,56,57,57,58,57,57.0,56.0,58.0,56.0,56.0,263712,34125440
2024-11-01 19:00:00,56,56,57,56,57,57,58,57,57.0,56.0,58.0,57.0,56.0,282228,34337162
2024-11-01 20:00:00,56,55,56,55,57,56,57,56,57.0,55.0,57.0,56.0,56.0,295411,34612928
2024-11-01 21:00:00,55,53,55,54,56,54,56,55,56.0,53.0,56.0,55.0,54.0,1954200,33875828
2024-11-01 22:00:00,54,53,54,53,55,54,55,54,55.0,53.0,55.0,54.0,54.0,1117143,34382912
2024-11-01 23:00:00,53,53,54,54,54,54,55,55,54.0,53.0,55.0,55.0,53.0,931734,35151035
2024-11-02 00:00:00,54,53,54,53,55,54,55,54,54.0,53.0,55.0,54.0,53.0,722178,35673745
2024-11-02 01:00:00,53,53,53,53,54,54,54,54,54.0,53.0,54.0,54.0,53.0,345356,35990023
2024-11-02 02:00:00,53,53,54,54,54,54,55,55,54.0,53.0,55.0,55.0,53.0,905511,36797745
2024-11-02 03:00:00,54,54,55,55,55,55,56,56,54.0,54.0,56.0,55.0,54.0,751005,36632818
2024-11-02 04:00:00,55,55,55,55,56,56,56,56,56.0,55.0,56.0,56.0,55.0,167606,36775723
2024-11-02 05:00:00,55,55,55,55,56,56,56,56,56.0,55.0,56.0,56.0,55.0,95404,36814457
2024-11-02 06:00:00,55,55,55,55,56,56,56,56,56.0,55.0,56.0,56.0,55.0,101283,36876622
2024-11-02 07:00:00,55,55,55,55,56,56,56,56,56.0,55.0,56.0,55.0,55.0,41179,36877244
2024-11-02 13:00:00,55,55,55,55,56,56,56,56,55.0,55.0,56.0,56.0,55.0,117263,36929049
2024-11-02 14:00:00,55,55,55,55,56,56,56,56,56.0,55.0,56.0,56.0,55.0,126496,37007922
2024-11-02 15:00:00,55,55,56,55,56,56,57,56,56.0,55.0,57.0,56.0,56.0,319027,37062611
2024-11-02 16:00:00,55,55,55,55,56,56,56,56,56.0,55.0,56.0,56.0,55.0,353238,37133925
2024-11-02 17:00:00,55,55,55,55,56,56,56,56,56.0,55.0,56.0,56.0,55.0,211281,37229061
2024-11-02 18:00:00,55,55,55,55,56,56,56,56,56.0,55.0,56.0,56.0,55.0,148251,37364921
2024-11-02 19:00:00,55,55,55,55,56,56,57,56,56.0,55.0,56.0,56.0,55.0,322120,37596331
2024-11-02 20:00:00,55,55,56,55,56,56,57,56,55.0,55.0,57.0,56.0,56.0,560786,37412180
2024-11-02 21:00:00,55,55,55,55,56,56,56,56,56.0,55.0,56.0,56.0,55.0,220041,37609647
2024-11-02 22:00:00,55,55,55,55,56,56,56,56,56.0,55.0,56.0,56.0,55.0,182491,37782091
2024-11-02 23:00:00,55,55,55,55,56,56,56,56,56.0,55.0,56.0,56.0,55.0,473742,38030058
2024-11-03 00:00:00,55,52,55,52,56,53,56,53,56.0,52.0,56.0,53.0,53.0,1323291,38114353
2024-11-03 01:00:00,52,52,53,52,53,53,54,53,53.0,52.0,54.0,53.0,53.0,435733,38256014
2024-11-03 02:00:00,52,47,52,48,53,48,53,49,53.0,47.0,53.0,49.0,49.0,1265740,38875595
2024-11-03 03:00:00,48,48,51,51,49,49,53,52,49.0,48.0,53.0,52.0,50.0,1399254,39905328
2024-11-03 04:00:00,51,48,51,49,52,50,52,50,52.0,49.0,52.0,49.0,50.0,1164014,39798132
2024-11-03 05:00:00,49,49,51,51,50,50,52,52,50.0,49.0,52.0,52.0,50.0,1135024,40233250
2024-11-03 06:00:00,51,51,51,51,52,52,52,52,52.0,51.0,52.0,51.0,51.0,131710,40321424
2024-11-03 07:00:00,51,51,51,51,52,52,52,52,52.0,51.0,52.0,51.0,51.0,90386,40397099
2024-11-03 08:00:00,51,50,51,50,52,51,52,51,52.0,51.0,52.0,51.0,51.0,77145,40443435
2024-11-03 14:00:00,50,49,50,50,51,50,51,51,51.0,49.0,51.0,51.0,50.0,565622,40798297
2024-11-03 15:00:00,50,50,51,51,51,51,52,52,51.0,50.0,52.0,52.0,50.0,243113,41000891
2024-11-03 16:00:00,51,51,52,51,52,52,53,52,51.0,51.0,53.0,52.0,52.0,1359073,41404484
2024-11-03 17:00:00,51,51,51,51,52,52,52,52,51.0,51.0,52.0,51.0,51.0,253050,41604455
2024-11-03 18:00:00,51,51,51,51,52,52,52,52,52.0,51.0,52.0,52.0,51.0,184917,41774219
2024-11-03 19:00:00,51,51,52,51,52,52,53,52,52.0,51.0,53.0,52.0,51.0,351636,41899653
2024-11-03 20:00:00,51,51,52,52,52,52,53,53,52.0,51.0,53.0,53.0,52.0,263968,42106156
2024-11-03 21:00:00,52,52,52,52,53,53,53,53,53.0,52.0,53.0,53.0,52.0,376581,42282864
2024-11-03 22:00:00,52,52,52,52,53,53,53,53,52.0,52.0,53.0,52.0,52.0,567670,42372098
2024-11-03 23:00:00,52,52,53,53,53,53,54,54,53.0,52.0,54.0,54.0,53.0,416993,42560162
2024-11-04 00:00:00,53,53,53,53,54,54,54,54,54.0,53.0,54.0,54.0,53.0,514805,42750017
2024-11-04 01:00:00,53,53,53,53,54,54,54,54,54.0,53.0,54.0,54.0,53.0,544535,43070163
2024-11-04 02:00:00,53,53,53,53,54,54,54,54,53.0,53.0,54.0,54.0,53.0,531881,42973150
2024-11-04 03:00:00,53,51,53,51,54,52,54,52,54.0,51.0,54.0,52.0,52.0,596980,43177577
2024-11-04 04:00:00,51,51,51,51,52,52,52,52,52.0,51.0,52.0,52.0,51.0,235945,43364096
2024-11-04 05:00:00,51,51,52,52,52,52,53,53,52.0,51.0,53.0,53.0,52.0,394093,43714165
2024-11-04 07:00:00,52,52,52,52,53,53,53,53,53.0,52.0,53.0,53.0,52.0,19575,43732725
2024-11-04 08:00:00,52,52,53,53,53,53,54,54,52.0,52.0,54.0,54.0,53.0,285313,43829689
2024-11-04 09:00:00,53,53,54,53,54,54,55,55,54.0,53.0,55.0,55.0,54.0,143523,43971122
2024-11-04 10:00:00,53,53,54,54,55,54,55,55,55.0,53.0,55.0,55.0,54.0,48265,44011429
2024-11-04 11:00:00,54,54,54,54,55,55,55,55,55.0,54.0,55.0,55.0,54.0,43477,44043544
2024-11-04 12:00:00,54,54,55,55,55,55,56,56,55.0,54.0,56.0,56.0,54.0,202935,44144690
2024-11-04 13:00:00,55,54,55,54,56,55,56,56,56.0,54.0,56.0,56.0,55.0,481325,44291119
2024-11-04 14:00:00,54,54,55,55,56,56,56,56,56.0,54.0,56.0,55.0,55.0,549776,44726641
2024-11-04 15:00:00,55,55,56,56,56,56,57,57,56.0,55.0,57.0,57.0,56.0,980936,45648699
2024-11-04 16:00:00,56,56,58,58,57,57,59,59,57.0,56.0,59.0,59.0,57.0,1000469,46341507
2024-11-04 17:00:00,58,55,58,55,59,56,59,56,59.0,55.0,59.0,56.0,56.0,1528465,47048783
2024-11-04 18:00:00,55,52,55,53,56,53,56,54,56.0,53.0,56.0,54.0,54.0,1354479,48319991
2024-11-04 19:00:00,53,53,55,55,54,54,56,56,54.0,53.0,56.0,56.0,54.0,1122407,49292862
2024-11-04 20:00:00,55,54,55,55,56,55,57,56,56.0,54.0,57.0,55.0,55.0,1074761,50138652
2024-11-04 21:00:00,55,54,56,55,56,55,57,56,56.0,54.0,57.0,56.0,55.0,1943104,50982372
2024-11-04 22:00:00,55,54,55,55,56,55,56,56,56.0,54.0,56.0,56.0,55.0,1399620,52083772
2024-11-04 23:00:00,55,55,56,56,56,56,57,57,56.0,55.0,57.0,56.0,56.0,1297112,53087841
2024-11-05 00:00:00,56,55,56,55,57,56,57,56,57.0,55.0,57.0,56.0,56.0,1336063,54185324
2024-11-05 01:00:00,55,54,56,54,56,55,57,56,56.0,54.0,57.0,54.0,55.0,1334467,55260839
2024-11-05 02:00:00,54,54,56,56,56,56,57,57,54.0,54.0,57.0,57.0,56.0,1331608,56480771
2024-11-05 03:00:00,56,56,57,57,57,57,58,58,57.0,56.0,58.0,58.0,57.0,1033662,57220635
2024-11-05 04:00:00,57,57,57,57,58,58,58,58,58.0,57.0,58.0,58.0,57.0,890221,58060210
2024-11-05 05:00:00,57,56,57,56,58,57,58,57,58.0,56.0,58.0,57.0,57.0,1096143,58458606
2024-11-05 06:00:00,56,55,56,56,57,56,57,57,57.0,55.0,57.0,57.0,56.0,1171711,59454546
2024-11-05 07:00:00,56,56,57,57,57,57,58,58,57.0,56.0,58.0,58.0,57.0,505865,59839092
2024-11-05 08:00:00,57,57,57,57,58,58,58,58,58.0,57.0,58.0,58.0,57.0,402766,60050959
2024-11-05 09:00:00,57,56,57,56,58,57,58,57,58.0,56.0,58.0,57.0,57.0,243703,60255745
2024-11-05 10:00:00,56,56,57,57,57,57,58,58,57.0,56.0,58.0,58.0,57.0,421467,60664471
2024-11-05 11:00:00,57,57,58,58,58,58,59,59,58.0,57.0,59.0,58.0,58.0,192628,60823234
2024-11-05 12:00:00,58,57,58,58,59,58,59,59,59.0,57.0,59.0,59.0,58.0,271911,61011056
2024-11-05 13:00:00,58,57,58,58,59,58,59,59,59.0,57.0,59.0,59.0,58.0,470478,61351900
2024-11-05 14:00:00,58,58,59,58,59,59,60,59,59.0,58.0,60.0,59.0,59.0,1009077,62161170
2024-11-05 15:00:00,58,57,59,57,59,58,60,58,59.0,57.0,60.0,58.0,59.0,1759218,63425305
2024-11-05 16:00:00,57,57,59,59,58,58,60,60,57.0,57.0,60.0,60.0,59.0,2235720,65102226
2024-11-05 17:00:00,59,55,59,56,60,56,60,57,60.0,55.0,60.0,57.0,58.0,2096650,66761735
2024-11-05 18:00:00,56,56,58,57,57,57,59,58,57.0,56.0,59.0,58.0,58.0,1721987,67976789
2024-11-05 19:00:00,57,56,58,58,58,57,59,59,58.0,56.0,59.0,58.0,58.0,2029011,69752914
2024-11-05 20:00:00,58,57,58,58,59,58,59,59,59.0,57.0,59.0,58.0,58.0,1480965,70926989
2024-11-05 21:00:00,58,57,58,57,59,58,59,58,58.0,57.0,59.0,58.0,58.0,1653135,72322417
2024-11-05 22:00:00,57,57,58,58,58,58,59,59,58.0,57.0,59.0,59.0,58.0,2188884,74142219
2024-11-05 23:00:00,58,57,59,58,59,58,60,59,59.0,57.0,60.0,59.0,59.0,2435331,75665260
2024-11-06 00:00:00,58,55,58,55,59,56,59,57,58.0,55.0,59.0,55.0,58.0,1404578,76751054
2024-11-06 01:00:00,55,54,67,67,57,55,69,69,57.0,54.0,69.0,67.0,61.0,3290502,77958229
2024-11-06 02:00:00,67,60,71,68,69,61,73,70,69.0,61.0,73.0,70.0,67.0,2785615,78480945
2024-11-06 03:00:00,68,66,84,81,70,67,85,83,70.0,66.0,85.0,81.0,73.0,4085950,80407185
2024-11-06 04:00:00,81,80,92,90,83,82,98,92,83.0,80.0,98.0,90.0,89.0,7966950,80761542
2024-11-06 05:00:00,90,89,94,93,92,91,95,95,92.0,89.0,95.0,95.0,92.0,5881339,81521368
2024-11-06 06:00:00,93,93,96,96,95,94,97,97,93.0,93.0,97.0,96.0,94.0,5309258,80377970
2024-11-06 07:00:00,96,96,98,97,97,97,99,98,97.0,96.0,99.0,97.0,97.0,5148025,77654646
2024-11-06 08:00:00,97,97,98,97,98,98,99,98,97.0,97.0,99.0,97.0,97.0,3194773,75245317
2024-11-06 09:00:00,97,97,97,97,98,98,99,99,98.0,97.0,99.0,97.0,97.0,1332761,74139239
2024-11-06 10:00:00,97,97,98,97,99,98,99,98,99.0,97.0,99.0,97.0,97.0,627829,73704634
2024-11-06 11:00:00,97,97,98,97,98,98,99,99,97.0,97.0,99.0,97.0,97.0,654203,73219526
2024-11-06 12:00:00,97,97,98,97,99,98,99,98,99.0,97.0,99.0,97.0,97.0,997983,72353437
2024-11-06 13:00:00,97,97,98,97,98,98,99,99,98.0,97.0,99.0,97.0,97.0,1653619,70974081
2024-11-06 14:00:00,97,97,98,97,99,98,99,99,97.0,97.0,99.0,97.0,97.0,2689921,69142449
2024-11-06 15:00:00,97,97,98,97,99,98,99,98,97.0,97.0,99.0,97.0,97.0,1593570,67729999
2024-11-06 16:00:00,97,97,98,97,98,98,99,98,97.0,97.0,99.0,97.0,97.0,1881664,66029609
2024-11-06 17:00:00,97,97,98,97,98,98,99,98,97.0,97.0,99.0,97.0,97.0,2009685,64242046
